{"\u8d35\u5dde": {"\u5b89\u987a": [105.932188, 26.245544], "\u6bd5\u8282": [105.28501, 27.301693], "\u9ed4\u4e1c\u5357\u82d7\u65cf\u4f97\u65cf\u81ea\u6cbb\u5dde": [107.977488, 26.583352], "\u9ed4\u897f\u5357\u5e03\u4f9d\u65cf\u82d7\u65cf\u81ea\u6cbb\u5dde": [104.897971, 25.08812], "\u516d\u76d8\u6c34": [104.846743, 26.584643], "\u9ed4\u5357\u5e03\u4f9d\u65cf\u82d7\u65cf\u81ea\u6cbb\u5dde": [107.517156, 26.258219], "\u8d35\u9633": [106.713478, 26.578343], "\u9075\u4e49": [106.937265, 27.706626], "\u94dc\u4ec1": [109.191555, 27.718346]}, "\u5317\u4eac": {"\u5317\u4eac": [116.405285, 39.904989]}, "\u8fbd\u5b81": {"\u978d\u5c71": [122.995632, 41.110626], "\u76d8\u9526": [122.06957, 41.124484], "\u8fbd\u9633": [123.18152, 41.269402], "\u629a\u987a": [123.921109, 41.875956], "\u672c\u6eaa": [123.770519, 41.297909], "\u9526\u5dde": [121.135742, 41.119269], "\u94c1\u5cad": [123.844279, 42.290585], "\u961c\u65b0": [121.648962, 42.011796], "\u5927\u8fde": [121.618622, 38.91459], "\u6c88\u9633": [123.429096, 41.796767], "\u671d\u9633": [120.451176, 41.576758], "\u4e39\u4e1c": [124.383044, 40.124296], "\u8425\u53e3": [122.235151, 40.667432], "\u846b\u82a6\u5c9b": [120.856394, 40.755572]}, "\u5b89\u5fbd": {"\u868c\u57e0": [117.363228, 32.939667], "\u5b89\u5e86": [117.043551, 30.50883], "\u6dee\u5317": [116.794664, 33.971707], "\u4eb3\u5dde": [115.782939, 33.869338], "\u9a6c\u978d\u5c71": [118.507906, 31.689362], "\u5ba3\u57ce": [118.757995, 30.945667], "\u5408\u80a5": [117.283042, 31.86119], "\u961c\u9633": [115.819729, 32.896969], "\u6ec1\u5dde": [118.316264, 32.303627], "\u94dc\u9675": [117.816576, 30.929935], "\u829c\u6e56": [118.376451, 31.326319], "\u9ec4\u5c71": [118.317325, 29.709239], "\u6c60\u5dde": [117.489157, 30.656037], "\u516d\u5b89": [116.507676, 31.752889], "\u6dee\u5357": [117.018329, 32.647574], "\u5bbf\u5dde": [116.984084, 33.633891]}, "\u6cb3\u5357": {"\u5e73\u9876\u5c71": [113.307718, 33.735241], "\u90d1\u5dde": [113.665412, 34.757975], "\u4e09\u95e8\u5ce1": [111.194099, 34.777338], "\u5f00\u5c01": [114.341447, 34.797049], "\u5b89\u9633": [114.352482, 36.103442], "\u6f2f\u6cb3": [114.026405, 33.575855], "\u6d4e\u6e90": [112.590047, 35.090378], "\u7126\u4f5c": [113.238266, 35.23904], "\u5468\u53e3": [114.649653, 33.620357], "\u5546\u4e18": [115.650497, 34.437054], "\u65b0\u4e61": [113.883991, 35.302616], "\u6fee\u9633": [115.041299, 35.768234], "\u5357\u9633": [112.540918, 32.999082], "\u4fe1\u9633": [114.075031, 32.123274], "\u8bb8\u660c": [113.826063, 34.022956], "\u9a7b\u9a6c\u5e97": [114.024736, 32.980169], "\u6d1b\u9633": [112.434468, 34.663041], "\u9e64\u58c1": [114.295444, 35.748236]}, "\u65b0\u7586": {"\u5df4\u97f3\u90ed\u695e\u8499\u53e4\u81ea\u6cbb\u5dde": [86.150969, 41.768552], "\u94c1\u95e8\u5173": [85.501218, 41.827251], "\u660c\u5409\u56de\u65cf\u81ea\u6cbb\u5dde": [87.304012, 44.014577], "\u56fe\u6728\u8212\u514b": [79.077978, 39.867316], "\u535a\u5c14\u5854\u62c9\u8499\u53e4\u81ea\u6cbb\u5dde": [82.074778, 44.903258], "\u963f\u514b\u82cf\u5730\u533a": [80.265068, 41.170712], "\u4e4c\u9c81\u6728\u9f50": [87.617733, 43.792818], "\u5410\u9c81\u756a\u5730\u533a": [89.184078, 42.947613], "\u548c\u7530\u5730\u533a": [79.92533, 37.110687], "\u963f\u52d2\u6cf0\u5730\u533a": [88.13963, 47.848393], "\u5854\u57ce\u5730\u533a": [82.985732, 46.746301], "\u4e94\u5bb6\u6e20": [87.526884, 44.167401], "\u514b\u62c9\u739b\u4f9d": [84.873946, 45.595886], "\u5580\u4ec0\u5730\u533a": [75.989138, 39.467664], "\u963f\u62c9\u5c14": [81.285884, 40.541914], "\u4f0a\u7281\u54c8\u8428\u514b\u81ea\u6cbb\u5dde": [81.317946, 43.92186], "\u54c8\u5bc6\u5730\u533a": [93.51316, 42.833248], "\u77f3\u6cb3\u5b50": [86.041075, 44.305886], "\u53cc\u6cb3": [82.353656, 44.840524], "\u5317\u5c6f": [87.824932, 47.353177], "\u514b\u5b5c\u52d2\u82cf\u67ef\u5c14\u514b\u5b5c\u81ea\u6cbb\u5dde": [76.172825, 39.713431]}, "\u5c71\u897f": {"\u592a\u539f": [112.549248, 37.857014], "\u5415\u6881": [111.134335, 37.524366], "\u5927\u540c": [113.295259, 40.09031], "\u9633\u6cc9": [113.583285, 37.861188], "\u664b\u4e2d": [112.736465, 37.696495], "\u664b\u57ce": [112.851274, 35.497553], "\u8fd0\u57ce": [111.003957, 35.022778], "\u957f\u6cbb": [113.113556, 36.191112], "\u5ffb\u5dde": [112.733538, 38.41769], "\u6714\u5dde": [112.433387, 39.331261], "\u4e34\u6c7e": [111.517973, 36.08415]}, "\u7518\u8083": {"\u7518\u5357\u85cf\u65cf\u81ea\u6cbb\u5dde": [102.911008, 34.986354], "\u5e86\u9633": [107.638372, 35.734218], "\u5170\u5dde": [103.823557, 36.058039], "\u5609\u5cea\u5173": [98.277304, 39.786529], "\u9647\u5357": [104.929379, 33.388598], "\u5b9a\u897f": [104.626294, 35.579578], "\u6b66\u5a01": [102.634697, 37.929996], "\u5e73\u51c9": [106.684691, 35.54279], "\u91d1\u660c": [102.187888, 38.514238], "\u5f20\u6396": [100.455472, 38.932897], "\u767d\u94f6": [104.173606, 36.54568], "\u4e34\u590f\u56de\u65cf\u81ea\u6cbb\u5dde": [103.212006, 35.599446], "\u9152\u6cc9": [98.510795, 39.744023], "\u5929\u6c34": [105.724998, 34.578529]}, "\u6fb3\u95e8": {"\u6fb3\u95e8": [113.54909, 22.198951]}, "\u4e91\u5357": {"\u4fdd\u5c71": [99.167133, 25.111802], "\u662d\u901a": [103.717216, 27.336999], "\u6012\u6c5f\u5088\u50f3\u65cf\u81ea\u6cbb\u5dde": [98.854304, 25.850949], "\u6587\u5c71\u58ee\u65cf\u82d7\u65cf\u81ea\u6cbb\u5dde": [104.24401, 23.36951], "\u5fb7\u5b8f\u50a3\u65cf\u666f\u9887\u65cf\u81ea\u6cbb\u5dde": [98.578363, 24.436694], "\u7ea2\u6cb3\u54c8\u5c3c\u65cf\u5f5d\u65cf\u81ea\u6cbb\u5dde": [103.384182, 23.366775], "\u7389\u6eaa": [102.543907, 24.350461], "\u4e34\u6ca7": [100.08697, 23.886567], "\u897f\u53cc\u7248\u7eb3\u50a3\u65cf\u81ea\u6cbb\u5dde": [100.797941, 22.001724], "\u666e\u6d31": [100.972344, 22.777321], "\u8fea\u5e86\u85cf\u65cf\u81ea\u6cbb\u5dde": [99.706463, 27.826853], "\u695a\u96c4\u5f5d\u65cf\u81ea\u6cbb\u5dde": [101.546046, 25.041988], "\u6606\u660e": [102.712251, 25.040609], "\u66f2\u9756": [103.797851, 25.501557], "\u5927\u7406\u767d\u65cf\u81ea\u6cbb\u5dde": [100.225668, 25.589449], "\u4e3d\u6c5f": [100.233026, 26.872108]}, "\u5b81\u590f": {"\u77f3\u5634\u5c71": [106.376173, 39.01333], "\u56fa\u539f": [106.285241, 36.004561], "\u4e2d\u536b": [105.189568, 37.514951], "\u94f6\u5ddd": [106.278179, 38.46637], "\u5434\u5fe0": [106.199409, 37.986165]}, "\u5409\u6797": {"\u677e\u539f": [124.823608, 45.118243], "\u5ef6\u8fb9\u671d\u9c9c\u65cf\u81ea\u6cbb\u5dde": [129.513228, 42.904823], "\u5409\u6797": [126.55302, 43.843577], "\u901a\u5316": [125.936501, 41.721177], "\u767d\u5c71": [126.427839, 41.942505], "\u8fbd\u6e90": [125.145349, 42.902692], "\u767d\u57ce": [122.841114, 45.619026], "\u957f\u6625": [125.3245, 43.886841], "\u56db\u5e73": [124.370785, 43.170344]}, "\u6e56\u5317": {"\u9ec4\u77f3": [115.077048, 30.220074], "\u5b9c\u660c": [111.290843, 30.702636], "\u4ed9\u6843": [113.453974, 30.364953], "\u54b8\u5b81": [114.328963, 29.832798], "\u5341\u5830": [110.787916, 32.646907], "\u5929\u95e8": [113.165862, 30.653061], "\u968f\u5dde": [113.37377, 31.717497], "\u9ec4\u5188": [114.879365, 30.447711], "\u8346\u95e8": [112.204251, 31.03542], "\u5b5d\u611f": [113.926655, 30.926423], "\u6069\u65bd\u571f\u5bb6\u65cf\u82d7\u65cf\u81ea\u6cbb\u5dde": [109.48699, 30.283114], "\u6f5c\u6c5f": [112.896866, 30.421215], "\u6b66\u6c49": [114.298572, 30.584355], "\u795e\u519c\u67b6\u6797\u533a": [110.671525, 31.744449], "\u8346\u5dde": [112.23813, 30.326857], "\u8944\u9633": [112.144146, 32.042426], "\u9102\u5dde": [114.890593, 30.396536]}, "\u6d77\u5357": {"\u4e07\u5b81": [110.388793, 18.796216], "\u4e09\u4e9a": [109.508268, 18.247872], "\u767d\u6c99\u9ece\u65cf\u81ea\u6cbb\u53bf": [109.452606, 19.224584], "\u4e94\u6307\u5c71": [109.516662, 18.776921], "\u4e1c\u65b9": [108.653789, 19.10198], "\u4fdd\u4ead\u9ece\u65cf\u82d7\u65cf\u81ea\u6cbb\u53bf": [109.70245, 18.636371], "\u6f84\u8fc8\u53bf": [110.007147, 19.737095], "\u660c\u6c5f\u9ece\u65cf\u81ea\u6cbb\u53bf": [109.053351, 19.260968], "\u4e34\u9ad8\u53bf": [109.687697, 19.908293],