{"\u592a\u539f": [112.549248, 37.857014], "\u65e0\u9521": [120.301663, 31.574729], "\u84ec\u83b1": [120.862694, 37.66116], "\u65b0\u7edb": [111.172875, 35.631583], "\u6606\u660e": [102.712251, 25.040609], "\u6b66\u6c49": [114.298572, 30.584355], "\u9547\u8fdc": [108.475888, 27.12163], "\u7ee9\u6eaa\u53bf": [118.663777, 30.162401], "\u4e0a\u6d77": [121.472644, 31.231706], "\u6b66\u5a01": [102.634697, 37.929996], "\u4eb3\u5dde": [115.782939, 33.869338], "\u7ecd\u5174": [120.582112, 29.997117], "\u5929\u6d25": [117.190182, 39.125596], "\u5e38\u719f": [120.831486, 31.669446], "\u5e73\u9065": [112.265493, 37.14809], "\u96c6\u5b89": [125.998992, 41.251411], "\u897f\u5b89": [108.948024, 34.263161], "\u5b81\u6ce2": [121.549792, 29.868388], "\u968f\u5dde": [113.37377, 31.717497], "\u94f6\u5ddd": [106.278179, 38.46637], "\u5bff\u53bf": [116.768939, 32.262396], "\u6f6e\u5dde": [116.632301, 23.661701], "\u8944\u6a0a": [112.176326, 32.094934], "\u6b63\u5b9a": [114.570201, 38.227073], "\u9752\u5dde": [118.470187, 36.680584], "\u5546\u4e18": [115.650497, 34.437054], "\u91cd\u5e86": [106.504962, 29.533155], "\u7941\u53bf": [112.469066, 37.292198], "\u97e9\u57ce": [110.393774, 35.582782], "\u804a\u57ce": [115.980367, 36.456013], "\u9606\u4e2d": [106.078093, 31.602117], "\u949f\u7965": [112.584826, 31.244981], "\u627f\u5fb7": [117.939152, 40.976204], "\u9547\u6c5f": [119.452753, 32.204402], "\u70df\u53f0": [121.391382, 37.539297], "\u5e7f\u5dde": [113.280637, 23.125178], "\u6d5a\u53bf": [114.467186, 35.686206], "\u4f1a\u6cfd\u53bf": [103.468544, 26.462218], "\u626c\u5dde": [119.421003, 32.393159], "\u6c88\u9633": [123.429096, 41.796767], "\u6d1b\u9633": [112.434468, 34.663041], "\u4e34\u6d77": [121.221919, 28.857389], "\u60e0\u5dde": [114.412599, 23.079404], "\u5ef6\u5b89": [109.49081, 36.596537], "\u5efa\u6c34": [102.889674, 23.683914], "\u62c9\u8428": [91.132212, 29.660361], "\u6e29\u5dde": [120.672111, 28.000575], "\u6c5f\u9675": [112.473701, 30.101503], "\u5357\u901a": [120.864608, 32.016212], "\u5357\u4eac": [118.767413, 32.041544], "\u90b9\u57ce": [117.089582, 35.354043], "\u6d77\u53e3": [110.33119, 20.031971], "\u6210\u90fd": [104.065735, 30.659462], "\u4e50\u5c71": [103.761263, 29.582024], "\u6cf8\u5dde": [105.443348, 28.889138], "\u4e3d\u6c5f": [100.233026, 26.872108], "\u6566\u714c": [94.158042, 40.388771], "\u6cc9\u5dde": [118.589421, 24.908853], "\u96f7\u5dde": [110.012636, 20.796584], "\u6dee\u5b89": [119.021265, 33.597506], "\u6cf0\u5b89": [117.129063, 36.194968], "\u5f00\u5c01": [114.341447, 34.797049], "\u5b89\u5e86": [117.043551, 30.50883], "\u547c\u548c\u6d69\u7279": [111.670801, 40.818311], "\u4fdd\u5b9a": [115.482331, 38.867657], "\u9752\u5c9b": [120.355173, 36.082982], "\u81ea\u8d21": [104.773447, 29.352765], "\u5357\u660c": [115.892151, 28.676493], "\u5580\u4ec0": [75.989138, 39.467664], "\u5b89\u9633": [114.352482, 36.103442], "\u5357\u9633": [112.540918, 32.999082], "\u5317\u4eac": [116.405285, 39.904989], "\u90fd\u6c5f\u5830": [103.637342, 31.039124], "\u8d63\u5dde": [114.940278, 25.85097], "\u51e4\u51f0\u53bf": [109.518882, 28.013633], "\u8862\u5dde": [118.87263, 28.941708], "\u6c49\u4e2d": [107.028621, 33.077668], "\u743c\u5c71": [110.48011, 19.741334], "\u4e2d\u5c71": [113.382391, 22.521113], "\u6c5f\u5b5c": [89.66905, 28.91068], "\u90af\u90f8": [114.490686, 36.612273], "\u66f2\u961c": [117.03179, 35.615761], "\u4f1a\u7406\u53bf": [102.263927, 26.591301], "\u82cf\u5dde": [120.619585, 31.299379], "\u6f33\u5dde": [117.661801, 24.510897], "\u4f5b\u5c71": [113.122717, 23.028762], "\u54b8\u9633": [108.705117, 34.333439], "\u957f\u6c40": [116.371884, 25.696958], "\u6fee\u9633": [115.041299, 35.768234], "\u5609\u5174": [120.750865, 30.762653], "\u6b59\u53bf": [118.575156, 29.871177], "\u5b9c\u5174": [119.790265, 31.362245], "\u5c71\u6d77\u5173\u533a": [119.713616, 40.0329], "\u9075\u4e49": [106.937265, 27.706626], "\u4f0a\u5b81": [81.289048, 44.020356], "\u5927\u540c": [113.295259, 40.09031], "\u6d4e\u5357": [117.000923, 36.675807], "\u6842\u6797": [110.299121, 25.274215], "\u6885\u5dde": [116.117582, 24.299112], "\u5e93\u8f66\u53bf": [83.459807, 41.781933], "\u5410\u9c81\u756a": [89.184078, 42.947613], "\u745e\u91d1": [115.985867, 25.921831], "\u798f\u5dde": [119.306239, 26.075302], "\u957f\u6c99": [112.982279, 28.19409], "\u9f50\u9f50\u54c8\u5c14": [123.95792, 47.342081], "\u5f20\u6396": [100.455472, 38.932897], "\u91d1\u534e": [119.649506, 29.089524], "\u5dcd\u5c71": [100.178639, 25.246753], "\u5317\u6d77": [109.119254, 21.473343], "\u5409\u6797": [126.55302, 43.843577], "\u67f3\u5dde": [109.411703, 24.314617], "\u90d1\u5dde": [113.665412, 34.757975], "\u5927\u7406": [100.225668, 25.589449], "\u5b9c\u5bbe": [104.630825, 28.760189], "\u5e38\u5dde": [119.946973, 31.772752], "\u676d\u5dde": [120.153576, 30.287459], "\u6cf0\u5dde": [119.915176, 32.484882], "\u6986\u6797": [109.741193, 38.290162], "\u54c8\u5c14\u6ee8": [126.642464, 45.756967], "\u5f90\u5dde": [117.184811, 34.261792], "\u5929\u6c34": [105.724998, 34.578529], "\u4e34\u6dc4": [118.300697, 36.854244], "\u6e56\u5dde": [120.102398, 30.867198], "\u7279\u514b\u65af\u53bf": [82.006852, 42.925564], "\u4ee3\u53bf": [113.050582, 39.093197], "\u8087\u5e86": [112.472529, 23.051546], "\u666f\u5fb7\u9547": [117.214664, 29.29256], "\u540c\u4ec1": [102.078449, 35.426829], "\u5cb3\u9633": [113.132855, 29.37029], "\u65e5\u5580\u5219": [88.885148, 29.267519]}