{"\u9547\u8fdc\u53bf": [108.475888, 27.12163], "\u4e34\u6d77": [121.221919, 28.857389], "\u65e5\u7167": [119.50718, 35.420225], "\u5174\u5316": [119.996418, 32.961954], "\u5929\u6c34": [105.736932, 34.584319], "\u821f\u5c71": [122.169872, 30.03601], "\u5bff\u53bf": [116.768939, 32.262396], "\u4e09\u95e8\u5ce1": [111.181262, 34.78332], "\u70df\u53f0": [121.309555, 37.536562], "\u5a01\u6d77": [122.093958, 37.528787], "\u4e39\u4e1c": [124.338543, 40.129023], "\u5e7f\u5143": [105.819687, 32.44104], "\u5174\u57ce": [120.475527, 40.596284], "\u4e1c\u5ddd": [103.078562, 26.139329], "\u6c55\u5934": [116.72865, 23.383908], "\u957f\u6c40": [116.371884, 25.696958], "\u53f0\u5dde": [121.440613, 28.668283], "\u627f\u5fb7\u5e02": [117.933822, 40.992521], "\u949f\u7965": [112.584826, 31.244981], "\u9756\u6c5f": [120.276899, 32.039443], "\u4f0a\u5b81\u53bf": [81.75694, 44.008117], "\u4e0a\u9976": [117.955464, 28.457623], "\u8d63\u5dde": [114.935909, 25.845296], "\u6b63\u5b9a": [114.570201, 38.227073], "\u6f6e\u5dde": [116.630076, 23.661812], "\u9ed4\u4e1c\u5357": [107.985353, 26.583992], "\u84df\u53bf": [117.441159, 40.009614], "\u6cc9\u5dde": [118.600362, 24.901652], "\u6f20\u6cb3": [122.715721, 52.945659], "\u5143\u9633": [102.819567, 23.069203], "\u6069\u65bd\u5e02": [109.517433, 30.308979], "\u5b9c\u5bbe": [104.633019, 28.769675]}